{
  "schema": "nmp-relay-ingest-probe-v2",
  "git_commit": "0d3fba70710ce5c00ebdfc0555165a5373885d47",
  "rustc": "rustc 1.99.0-nightly (da80ed070 2026-07-14)",
  "host_os": "linux",
  "host_arch": "x86_64",
  "host_kernel": "Linux 6.1.0-42-amd64",
  "host_cpu": "Intel(R) Core(TM) Ultra 7 265",
  "host_logical_cpus": 20,
  "events": 10000,
  "relays": 1,
  "passes": 1,
  "payload_bytes": 256,
  "queue_capacity": 1024,
  "batch_size": 128,
  "visible_limit": 200,
  "frame_delay_us": 0,
  "expect_rejection": false,
  "expected_relay_frames": 10000,
  "observed_relay_frames": 10000,
  "observed_added_rows": 10000,
  "observed_removed_rows": 9800,
  "observed_source_growth_deltas": 0,
  "final_visible_rows": 200,
  "corpus_bytes": 5990000,
  "database_bytes": 25038848,
  "generation_ms": 410.183633,
  "ingest_ms": 1718.541874,
  "relay_frames_per_second": 5818.886435815762,
  "first_row_ms": 147.28091300000003,
  "last_row_ms": 1613.5787260000002,
  "apply_latency_p50_ms": 833.911192,
  "apply_latency_p95_ms": 1416.727607,
  "apply_latency_p99_ms": 1491.189317,
  "apply_latency_max_ms": 1505.534532,
  "rss_before_ingest_bytes": 8937472,
  "anonymous_before_ingest_bytes": 671744,
  "peak_ingest_rss_bytes": 38260736,
  "peak_ingest_rss_growth_bytes": 29323264,
  "peak_ingest_anonymous_bytes": 25608192,
  "rss_after_ingest_bytes": 38084608,
  "anonymous_after_ingest_bytes": 25432064,
  "rss_after_shutdown_bytes": 24813568,
  "anonymous_after_shutdown_bytes": 12161024,
  "shutdown_ms": 28.795928,
  "reopen_and_verify_ms": 88.762546,
  "first_event_id": "46a9d6dc86d31f36aa56ee64d4eb271b5710335c4db3e53a5e37d83a58b4b7e7",
  "last_event_id": "e8a9340166db24e3c341b41d8221ed29224df110461344a8298e6184a4866eb3",
  "server_send_ms": [
    79.061225
  ],
  "server_bytes": [
    6750000
  ]
}
