{
  "schema": "nmp-relay-ingest-probe-v2",
  "git_commit": "0d3fba70710ce5c00ebdfc0555165a5373885d47",
  "rustc": "rustc 1.99.0-nightly (da80ed070 2026-07-14)",
  "host_os": "linux",
  "host_arch": "x86_64",
  "host_kernel": "Linux 6.1.0-42-amd64",
  "host_cpu": "Intel(R) Core(TM) Ultra 7 265",
  "host_logical_cpus": 20,
  "events": 1000,
  "relays": 1,
  "passes": 1,
  "payload_bytes": 256,
  "queue_capacity": 1024,
  "batch_size": 128,
  "visible_limit": 200,
  "frame_delay_us": 0,
  "expect_rejection": false,
  "expected_relay_frames": 1000,
  "observed_relay_frames": 1000,
  "observed_added_rows": 1000,
  "observed_removed_rows": 800,
  "observed_source_growth_deltas": 0,
  "final_visible_rows": 200,
  "corpus_bytes": 599000,
  "database_bytes": 3133440,
  "generation_ms": 39.544278000000006,
  "ingest_ms": 264.44219400000003,
  "relay_frames_per_second": 3781.544786305925,
  "first_row_ms": 46.564107,
  "last_row_ms": 163.03206500000002,
  "apply_latency_p50_ms": 97.622599,
  "apply_latency_p95_ms": 152.644461,
  "apply_latency_p99_ms": 152.767791,
  "apply_latency_max_ms": 152.808783,
  "rss_before_ingest_bytes": 2162688,
  "anonymous_before_ingest_bytes": 548864,
  "peak_ingest_rss_bytes": 21241856,
  "peak_ingest_rss_growth_bytes": 19079168,
  "peak_ingest_anonymous_bytes": 8495104,
  "rss_after_ingest_bytes": 21241856,
  "anonymous_after_ingest_bytes": 8495104,
  "rss_after_shutdown_bytes": 17227776,
  "anonymous_after_shutdown_bytes": 4481024,
  "shutdown_ms": 12.961221,
  "reopen_and_verify_ms": 19.608463999999998,
  "first_event_id": "46a9d6dc86d31f36aa56ee64d4eb271b5710335c4db3e53a5e37d83a58b4b7e7",
  "last_event_id": "f885aa46300440dcfdcef1b38424e506f3d3a4d2fef90053bb32aa96d318ffd5",
  "server_send_ms": [
    3.0459549999999997
  ],
  "server_bytes": [
    675000
  ]
}
