{
  "schema": "nmp-relay-ingest-probe-v2",
  "git_commit": "126f0ac1e06c60724ea269a0eca74df5a5595039",
  "rustc": "rustc 1.99.0-nightly (da80ed070 2026-07-14)",
  "host_os": "linux",
  "host_arch": "x86_64",
  "host_kernel": "Linux 6.1.0-42-amd64",
  "host_cpu": "Intel(R) Core(TM) Ultra 7 265",
  "host_logical_cpus": 20,
  "events": 1000,
  "relays": 1,
  "passes": 1,
  "payload_bytes": 256,
  "queue_capacity": 1024,
  "batch_size": 128,
  "visible_limit": 200,
  "frame_delay_us": 0,
  "expect_rejection": false,
  "expected_relay_frames": 1000,
  "observed_relay_frames": 1000,
  "observed_added_rows": 1000,
  "observed_removed_rows": 800,
  "observed_source_growth_deltas": 0,
  "final_visible_rows": 200,
  "corpus_bytes": 599000,
  "database_bytes": 1871872,
  "generation_ms": 34.798279,
  "ingest_ms": 15845.11996,
  "relay_frames_per_second": 63.11091380339414,
  "first_row_ms": 19.743197000000002,
  "last_row_ms": 15728.743826,
  "apply_latency_p50_ms": 5880.46685,
  "apply_latency_p95_ms": 14625.48008,
  "apply_latency_p99_ms": 15447.542083,
  "apply_latency_max_ms": 15725.008344,
  "rss_before_ingest_bytes": 7495680,
  "anonymous_before_ingest_bytes": 569344,
  "peak_ingest_rss_bytes": 15138816,
  "peak_ingest_rss_growth_bytes": 7643136,
  "peak_ingest_anonymous_bytes": 6942720,
  "rss_after_ingest_bytes": 14696448,
  "anonymous_after_ingest_bytes": 6500352,
  "rss_after_shutdown_bytes": 11591680,
  "anonymous_after_shutdown_bytes": 3395584,
  "shutdown_ms": 11.968994,
  "reopen_and_verify_ms": 38.450057,
  "first_event_id": "46a9d6dc86d31f36aa56ee64d4eb271b5710335c4db3e53a5e37d83a58b4b7e7",
  "last_event_id": "f885aa46300440dcfdcef1b38424e506f3d3a4d2fef90053bb32aa96d318ffd5",
  "server_send_ms": [
    0.814377
  ],
  "server_bytes": [
    675000
  ]
}
