{
  "schema": "nmp-relay-ingest-probe-v2",
  "git_commit": "05e60076dd04ae7e8cb7ab3a92aef981b348ee65",
  "rustc": "rustc 1.99.0-nightly (da80ed070 2026-07-14)",
  "host_os": "linux",
  "host_arch": "x86_64",
  "host_kernel": "Linux 6.1.0-42-amd64",
  "host_cpu": "Intel(R) Core(TM) Ultra 7 265",
  "host_logical_cpus": 20,
  "events": 100000,
  "relays": 3,
  "passes": 2,
  "payload_bytes": 256,
  "queue_capacity": 1024,
  "batch_size": 128,
  "visible_limit": 200,
  "frame_delay_us": 0,
  "expect_rejection": false,
  "expected_relay_frames": 600000,
  "observed_relay_frames": 600000,
  "observed_added_rows": 100000,
  "observed_removed_rows": 99800,
  "observed_source_growth_deltas": 3321,
  "final_visible_rows": 200,
  "corpus_bytes": 59900000,
  "database_bytes": 165679104,
  "generation_ms": 3795.664636,
  "ingest_ms": 52123.418802,
  "relay_frames_per_second": 11511.140554291072,
  "first_row_ms": 76.035543,
  "last_row_ms": 33565.754389,
  "apply_latency_p50_ms": 4850.376659,
  "apply_latency_p95_ms": 6146.309346,
  "apply_latency_p99_ms": 6613.445321,
  "apply_latency_max_ms": 6839.112233,
  "rss_before_ingest_bytes": 11186176,
  "anonymous_before_ingest_bytes": 2035712,
  "peak_ingest_rss_bytes": 118505472,
  "peak_ingest_rss_growth_bytes": 107319296,
  "peak_ingest_anonymous_bytes": 105619456,
  "rss_after_ingest_bytes": 118145024,
  "anonymous_after_ingest_bytes": 105259008,
  "rss_after_shutdown_bytes": 87236608,
  "anonymous_after_shutdown_bytes": 74350592,
  "shutdown_ms": 42.07869,
  "reopen_and_verify_ms": 499.007973,
  "first_event_id": "46a9d6dc86d31f36aa56ee64d4eb271b5710335c4db3e53a5e37d83a58b4b7e7",
  "last_event_id": "464e5348f4ee49bad50cb89e913f1638ec4071ec5ed4787107ea9e179a44e2d9",
  "server_send_ms": [
    48270.82902,
    48718.518594,
    50383.339716999995
  ],
  "server_bytes": [
    135000000,
    135000000,
    135000000
  ]
}
