{
  "schema": "nmp-relay-ingest-probe-v2",
  "git_commit": "0d3fba70710ce5c00ebdfc0555165a5373885d47",
  "rustc": "rustc 1.99.0-nightly (da80ed070 2026-07-14)",
  "host_os": "linux",
  "host_arch": "x86_64",
  "host_kernel": "Linux 6.1.0-42-amd64",
  "host_cpu": "Intel(R) Core(TM) Ultra 7 265",
  "host_logical_cpus": 20,
  "events": 1000000,
  "relays": 1,
  "passes": 1,
  "payload_bytes": 256,
  "queue_capacity": 1024,
  "batch_size": 128,
  "visible_limit": 200,
  "frame_delay_us": 0,
  "expect_rejection": false,
  "expected_relay_frames": 1000000,
  "observed_relay_frames": 1000000,
  "observed_added_rows": 1000000,
  "observed_removed_rows": 999800,
  "observed_source_growth_deltas": 0,
  "final_visible_rows": 200,
  "corpus_bytes": 599000000,
  "database_bytes": 2076184576,
  "generation_ms": 39721.798703,
  "ingest_ms": 230797.240797,
  "relay_frames_per_second": 4332.807431088658,
  "first_row_ms": 37.375937,
  "last_row_ms": 230694.082284,
  "apply_latency_p50_ms": 3538.640691,
  "apply_latency_p95_ms": 4955.581134,
  "apply_latency_p99_ms": 5551.830861,
  "apply_latency_max_ms": 6205.747936,
  "rss_before_ingest_bytes": 17874944,
  "anonymous_before_ingest_bytes": 8781824,
  "peak_ingest_rss_bytes": 630296576,
  "peak_ingest_rss_growth_bytes": 612421632,
  "peak_ingest_anonymous_bytes": 617598976,
  "rss_after_ingest_bytes": 630284288,
  "anonymous_after_ingest_bytes": 617586688,
  "rss_after_shutdown_bytes": 569331712,
  "anonymous_after_shutdown_bytes": 556634112,
  "shutdown_ms": 74.232011,
  "reopen_and_verify_ms": 4527.483491,
  "first_event_id": "46a9d6dc86d31f36aa56ee64d4eb271b5710335c4db3e53a5e37d83a58b4b7e7",
  "last_event_id": "b74d606d306f9b4299cc576c7096a94eb85ebc640d52b602571369e277ade0cd",
  "server_send_ms": [
    227526.067828
  ],
  "server_bytes": [
    675000000
  ]
}
