{
  "schema": "nmp-relay-ingest-probe-v2",
  "git_commit": "0d3fba70710ce5c00ebdfc0555165a5373885d47",
  "rustc": "rustc 1.99.0-nightly (da80ed070 2026-07-14)",
  "host_os": "linux",
  "host_arch": "x86_64",
  "host_kernel": "Linux 6.1.0-42-amd64",
  "host_cpu": "Intel(R) Core(TM) Ultra 7 265",
  "host_logical_cpus": 20,
  "events": 10000,
  "relays": 1,
  "passes": 20,
  "payload_bytes": 256,
  "queue_capacity": 1024,
  "batch_size": 128,
  "visible_limit": 200,
  "frame_delay_us": 1000,
  "expect_rejection": false,
  "expected_relay_frames": 200000,
  "observed_relay_frames": 200000,
  "observed_added_rows": 10000,
  "observed_removed_rows": 9800,
  "observed_source_growth_deltas": 0,
  "final_visible_rows": 200,
  "corpus_bytes": 5990000,
  "database_bytes": 15929344,
  "generation_ms": 549.544649,
  "ingest_ms": 292435.303299,
  "relay_frames_per_second": 683.9119550333851,
  "first_row_ms": 12.048016,
  "last_row_ms": 14247.783835,
  "apply_latency_p50_ms": 41.775449,
  "apply_latency_p95_ms": 64.839812,
  "apply_latency_p99_ms": 73.087686,
  "apply_latency_max_ms": 86.74788,
  "rss_before_ingest_bytes": 9867264,
  "anonymous_before_ingest_bytes": 663552,
  "peak_ingest_rss_bytes": 35016704,
  "peak_ingest_rss_growth_bytes": 25149440,
  "peak_ingest_anonymous_bytes": 22339584,
  "rss_after_ingest_bytes": 34947072,
  "anonymous_after_ingest_bytes": 22204416,
  "rss_after_shutdown_bytes": 21819392,
  "anonymous_after_shutdown_bytes": 9076736,
  "shutdown_ms": 27.483018,
  "reopen_and_verify_ms": 152.255697,
  "first_event_id": "46a9d6dc86d31f36aa56ee64d4eb271b5710335c4db3e53a5e37d83a58b4b7e7",
  "last_event_id": "e8a9340166db24e3c341b41d8221ed29224df110461344a8298e6184a4866eb3",
  "server_send_ms": [
    292323.645842
  ],
  "server_bytes": [
    135000000
  ]
}
