{
  "schema": "nmp-relay-ingest-probe-v2",
  "git_commit": "05e60076dd04ae7e8cb7ab3a92aef981b348ee65",
  "rustc": "rustc 1.99.0-nightly (da80ed070 2026-07-14)",
  "host_os": "linux",
  "host_arch": "x86_64",
  "host_kernel": "Linux 6.1.0-42-amd64",
  "host_cpu": "Intel(R) Core(TM) Ultra 7 265",
  "host_logical_cpus": 20,
  "events": 25000,
  "relays": 3,
  "passes": 2,
  "payload_bytes": 256,
  "queue_capacity": 8,
  "batch_size": 7,
  "visible_limit": 200,
  "frame_delay_us": 0,
  "expect_rejection": false,
  "expected_relay_frames": 150000,
  "observed_relay_frames": 150000,
  "observed_added_rows": 25000,
  "observed_removed_rows": 24800,
  "observed_source_growth_deltas": 10302,
  "final_visible_rows": 200,
  "corpus_bytes": 14975000,
  "database_bytes": 60485632,
  "generation_ms": 1399.282923,
  "ingest_ms": 154569.18144,
  "relay_frames_per_second": 970.43924670214,
  "first_row_ms": 25.91493,
  "last_row_ms": 92399.610409,
  "apply_latency_p50_ms": 48064.81161,
  "apply_latency_p95_ms": 57089.109971,
  "apply_latency_p99_ms": 58436.721197,
  "apply_latency_max_ms": 59042.920586,
  "rss_before_ingest_bytes": 3137536,
  "anonymous_before_ingest_bytes": 888832,
  "peak_ingest_rss_bytes": 43864064,
  "peak_ingest_rss_growth_bytes": 40726528,
  "peak_ingest_anonymous_bytes": 31092736,
  "rss_after_ingest_bytes": 43458560,
  "anonymous_after_ingest_bytes": 30687232,
  "rss_after_shutdown_bytes": 28299264,
  "anonymous_after_shutdown_bytes": 15527936,
  "shutdown_ms": 22.276717,
  "reopen_and_verify_ms": 375.200744,
  "first_event_id": "46a9d6dc86d31f36aa56ee64d4eb271b5710335c4db3e53a5e37d83a58b4b7e7",
  "last_event_id": "9faa53a955a7c2235e53c86ea04ee43715c6c7452d3d613eac31b5c6f64c274f",
  "server_send_ms": [
    120114.36916799999,
    128461.42595,
    119303.94546799999
  ],
  "server_bytes": [
    33750000,
    33750000,
    33750000
  ]
}
