{
  "schema": "nmp-relay-ingest-probe-v2",
  "git_commit": "0d3fba70710ce5c00ebdfc0555165a5373885d47",
  "rustc": "rustc 1.99.0-nightly (da80ed070 2026-07-14)",
  "host_os": "linux",
  "host_arch": "x86_64",
  "host_kernel": "Linux 6.1.0-42-amd64",
  "host_cpu": "Intel(R) Core(TM) Ultra 7 265",
  "host_logical_cpus": 20,
  "events": 100000,
  "relays": 1,
  "passes": 1,
  "payload_bytes": 256,
  "queue_capacity": 1024,
  "batch_size": 128,
  "visible_limit": null,
  "frame_delay_us": 0,
  "expect_rejection": false,
  "expected_relay_frames": 100000,
  "observed_relay_frames": 100000,
  "observed_added_rows": 100000,
  "observed_removed_rows": 0,
  "observed_source_growth_deltas": 0,
  "final_visible_rows": 100000,
  "corpus_bytes": 59900000,
  "database_bytes": 184553472,
  "generation_ms": 3978.074885,
  "ingest_ms": 20470.475509,
  "relay_frames_per_second": 4885.084372174659,
  "first_row_ms": 53.383812000000006,
  "last_row_ms": 20268.195957,
  "apply_latency_p50_ms": 2885.4325,
  "apply_latency_p95_ms": 3443.249454,
  "apply_latency_p99_ms": 3575.831936,
  "apply_latency_max_ms": 4657.689652,
  "rss_before_ingest_bytes": 11235328,
  "anonymous_before_ingest_bytes": 2093056,
  "peak_ingest_rss_bytes": 585826304,
  "peak_ingest_rss_growth_bytes": 574590976,
  "peak_ingest_anonymous_bytes": 572948480,
  "rss_after_ingest_bytes": 585826304,
  "anonymous_after_ingest_bytes": 572948480,
  "rss_after_shutdown_bytes": 487567360,
  "anonymous_after_shutdown_bytes": 474689536,
  "shutdown_ms": 145.825218,
  "reopen_and_verify_ms": 414.547597,
  "first_event_id": "46a9d6dc86d31f36aa56ee64d4eb271b5710335c4db3e53a5e37d83a58b4b7e7",
  "last_event_id": "464e5348f4ee49bad50cb89e913f1638ec4071ec5ed4787107ea9e179a44e2d9",
  "server_send_ms": [
    15592.787118
  ],
  "server_bytes": [
    67500000
  ]
}
